block_size,insertion,selection
1,"0.001000	",0
2,"0.00000	",0
3,"0.00000	",0
4,"0.00000	",0.001
5,"0.00100	",0
6,"0.00100	",0.001
7,"0.00100	",0.002
8,"0.00200	",0.002
9,"0.00200	",0.002
10,"0.00200	",0.002
11,"0.00200	",0.004
12,"0.00300	",0.004
13,"0.00300	",0.005
14,"0.00300	",0.006
15,"0.00500	",0.007
16,"0.00500	",0.007
17,"0.00500	",0.008
18,"0.00600	",0.009
19,"0.00700	",0.01
20,"0.00800	",0.011
21,"0.00900	",0.014
22,"0.00900	",0.013
23,"0.00900	",0.015
24,"0.01000	",0.015
25,"0.01100	",0.016
26,"0.01200	",0.019
27,"0.01200	",0.02
28,"0.01300	",0.02
29,"0.01400	",0.022
30,"0.01600	",0.023
31,"0.01600	",0.025
32,"0.01700	",0.027
33,"0.01900	",0.027
34,"0.02000	",0.029
35,"0.02100	",0.031
36,"0.02300	",0.033
37,"0.02400	",0.035
38,"0.02600	",0.036
39,"0.02600	",0.039
40,"0.02700	",0.045
41,"0.03200	",0.053
42,"0.03000	",0.045
43,"0.03200	",0.047
44,"0.03400	",0.049
45,"0.03500	",0.052
46,"0.03600	",0.054
47,"0.03800	",0.056
48,"0.03900	",0.059
49,"0.04100	",0.06
50,"0.04500	",0.063
51,"0.04600	",0.071
52,"0.04700	",0.069
53,"0.04800	",0.071
54,"0.05000	",0.085
55,"0.06400	",0.09
56,"0.05300	",0.08
57,"0.05400	",0.083
58,"0.06000	",0.088
59,"0.06000	",0.089
60,"0.06100	",0.091
61,"0.06400	",0.11
62,"0.07100	",0.104
63,"0.07200	",0.104
64,"0.07400	",0.11
65,"0.07800	",0.111
66,"0.08500	",0.112
67,"0.07900	",0.113
68,"0.08000	",0.117
69,"0.08200	",0.121
70,"0.08800	",0.123
71,"0.08700	",0.126
72,"0.08900	",0.13
73,"0.09200	",0.142
74,"0.09300	",0.139
75,"0.09600	",0.142
76,"0.10000	",0.143
